{"Burhanuddin Danish":{"1":8.629000000000001,"2":8.358,"3":8.329,"4":8.43,"5":8.169,"6":8.392,"7":8.277,"8":8.434,"9":8.238,"10":8.265,"11":8.259,"12":8.219999999999999},"Taha Lokhandwala":{"1":8.365,"2":8.251,"3":8.347,"4":8.141,"5":8.445,"6":8.34,"7":8.274,"8":8.362,"9":8.318,"10":8.327,"11":8.334999999999999,"12":8.495},"Ebraheem Raja":{"1":8.291,"2":8.461,"3":8.304,"4":8.302,"5":8.131,"6":8.366999999999999,"7":8.463,"8":8.129,"9":8.424,"10":8.37,"11":8.487,"12":8.271},"Ammar Zumkhawala":{"1":8.341999999999999,"2":8.196,"3":8.315,"4":8.344,"5":8.352,"6":8.364,"7":8.257,"8":8.259,"9":8.276,"10":8.529,"11":8.311,"12":8.455},"Ahmed Hussain":{"1":8.353,"2":8.415000000000001,"3":8.376999999999999,"4":8.244,"5":8.397,"6":8.301,"7":8.402,"8":8.283999999999999,"9":8.261000000000001,"10":8.349,"11":8.269,"12":8.347999999999999},"Mohammed Danish":{"1":8.405999999999999,"2":8.275,"3":8.355,"4":8.351,"5":8.356,"6":8.32,"7":8.34,"8":8.473,"9":8.257,"10":8.269,"11":8.280999999999999,"12":8.317},"Husain Udaipurwala":{"1":8.443000000000001,"2":8.365,"3":8.329,"4":8.298,"5":8.347999999999999,"6":8.326,"7":8.304,"8":8.262,"9":8.341,"10":8.331,"11":8.306,"12":8.347},"Hussain Bhagat":{"1":8.322000000000001,"2":8.333,"3":8.113,"4":8.34,"5":8.366,"6":8.124,"7":8.466,"8":8.483,"9":8.471,"10":8.266,"11":8.337,"12":8.379},"Mansoor Poonawala":{"1":8.229000000000001,"2":8.399,"3":8.237,"4":8.44,"5":8.373,"6":8.318,"7":8.178,"8":8.388,"9":8.413,"10":8.392,"11":8.451,"12":8.182},"Husain Attarwala":{"1":8.134,"2":8.17,"3":8.39,"4":8.482000000000001,"5":8.376999999999999,"6":8.519,"7":8.259,"8":8.268,"9":8.331,"10":8.302,"11":8.339,"12":8.429},"Taha Salim":{"1":8.258000000000001,"2":8.452,"3":8.434,"4":8.254,"5":8.434999999999999,"6":8.247,"7":8.334999999999999,"8":8.483,"9":8.302,"10":8.297,"11":8.206,"12":8.297},"Burhanuddin Tambawala":{"1":8.228,"2":8.325000000000001,"3":8.469999999999999,"4":8.373999999999999,"5":8.251,"6":8.382000000000001,"7":8.445,"8":8.175,"9":8.368,"10":8.303,"11":8.419,"12":8.260000000000002}}